company_name,jumlah_proses_tegas,acceptance_rate,ghosting_rate,rejection_rate
PT Sukses Gemilang,5,100.0,0.0,0.0
CV Jaya Solusi,6,83.33333333333334,0.0,16.666666666666664
CV Inovasi Solusi,6,83.33333333333334,0.0,16.666666666666664
CV Abadi Bangsa,5,80.0,0.0,20.0
PT Solusi Digital,5,80.0,0.0,20.0
CV Global Indonesia,5,80.0,0.0,20.0
CV Inti Bersama,5,80.0,0.0,20.0
PT Graha Mandiri,5,80.0,0.0,20.0
PT Global Bersama,5,80.0,20.0,0.0
PT Sentosa Utama,5,80.0,0.0,20.0
CV Sukses Data,8,75.0,12.5,12.5
PT Nusa Media,12,75.0,0.0,25.0
CV Perkasa Cerdas,8,75.0,0.0,25.0
CV Indo Digital,11,72.72727272727273,18.181818181818183,9.090909090909092
PT Mega Pratama,7,71.42857142857143,0.0,28.57142857142857
CV Bumi Karya,7,71.42857142857143,0.0,28.57142857142857
PT Cakra Media,10,70.0,0.0,30.0
CV Bina Kreatif,10,70.0,0.0,30.0
PT Inovasi Systems,10,70.0,0.0,30.0
CV Perkasa Analitika,16,68.75,6.25,25.0
PT Inovasi Informatika,6,66.66666666666666,0.0,33.33333333333333
PT Mega Sentosa,6,66.66666666666666,0.0,33.33333333333333
CV Mandiri Sejahtera,6,66.66666666666666,0.0,33.33333333333333
CV Gemilang Global,6,66.66666666666666,0.0,33.33333333333333
CV Jaya Utama,15,66.66666666666666,0.0,33.33333333333333
PT Inti Sejahtera,6,66.66666666666666,16.666666666666664,16.666666666666664
CV Mitra Inovasi,6,66.66666666666666,0.0,33.33333333333333
CV Bakti Cerdas,6,66.66666666666666,0.0,33.33333333333333
PT Bangkit Kreatif,6,66.66666666666666,0.0,33.33333333333333
PT Prima Bersama,9,66.66666666666666,11.11111111111111,22.22222222222222
PT Indo Kreatif,26,65.38461538461539,11.538461538461538,23.076923076923077
PT Digital Bangsa,17,64.70588235294117,5.88235294117647,29.411764705882355
PT Mitra Global,11,63.63636363636363,18.181818181818183,18.181818181818183
PT Prima Sejahtera,11,63.63636363636363,9.090909090909092,27.27272727272727
PT Cakra Mandiri,11,63.63636363636363,9.090909090909092,27.27272727272727
PT Sentosa Systems,11,63.63636363636363,9.090909090909092,27.27272727272727
CV Cipta Media,11,63.63636363636363,27.27272727272727,9.090909090909092
CV Graha Systems,8,62.5,12.5,25.0
CV Global Logistik,8,62.5,0.0,37.5
CV Daya Inovasi,8,62.5,0.0,37.5
CV Karya Digital,8,62.5,0.0,37.5
PT Karya Konsultan,16,62.5,18.75,18.75
PT Sinergi Sentosa,13,61.53846153846154,23.076923076923077,15.384615384615385
PT Gemilang Pratama,13,61.53846153846154,0.0,38.46153846153847
CV Bakti Digital,13,61.53846153846154,0.0,38.46153846153847
CV Mandiri Abadi,13,61.53846153846154,7.6923076923076925,30.76923076923077
CV Bangkit Informatika,18,61.111111111111114,5.555555555555555,33.33333333333333
PT Nusa Digital,20,60.0,15.0,25.0
PT Bakti Cerdas,5,60.0,20.0,20.0
PT Bakti Data,5,60.0,0.0,40.0
CV Bumi Kreatif,5,60.0,20.0,20.0
CV Gemilang Digital,10,60.0,10.0,30.0
CV Abadi Terapan,5,60.0,20.0,20.0
PT Inovasi Kreatif,5,60.0,20.0,20.0
CV Gemilang Nusantara,10,60.0,20.0,20.0
PT Bangkit Bersama,20,60.0,5.0,35.0
CV Prima Bangsa,10,60.0,10.0,30.0
CV Perkasa Kreatif,10,60.0,10.0,30.0
PT Sentosa Makmur,25,60.0,4.0,36.0
PT Abadi Cerdas,5,60.0,0.0,40.0
PT Andalas Bersama,15,60.0,13.333333333333334,26.666666666666668
PT Bakti Terapan,5,60.0,0.0,40.0
PT Mitra Sentosa,10,60.0,0.0,40.0
PT Sejahtera Digital,5,60.0,0.0,40.0
CV Techno Gemilang,5,60.0,0.0,40.0
CV Sinergi Indonesia,20,60.0,15.0,25.0
PT Inti Gemilang,10,60.0,10.0,30.0
PT Mandiri Bersama,10,60.0,0.0,40.0
CV Digital Kreatif,5,60.0,0.0,40.0
PT Digital Solusi,5,60.0,0.0,40.0
CV Inovasi Sejahtera,5,60.0,20.0,20.0
CV Makmur Sentosa,5,60.0,20.0,20.0
CV Jaya Bangsa,15,60.0,6.666666666666667,33.33333333333333
CV Graha Sentosa,25,60.0,8.0,32.0
CV Bina Informatika,17,58.82352941176471,5.88235294117647,35.294117647058826
PT Makmur Systems,17,58.82352941176471,17.647058823529413,23.52941176470588
CV Graha Perkasa,12,58.333333333333336,8.333333333333332,33.33333333333333
PT Nusa Konsultan,12,58.333333333333336,0.0,41.66666666666667
PT Mitra Cerdas,12,58.333333333333336,8.333333333333332,33.33333333333333
CV Inovasi Data,12,58.333333333333336,8.333333333333332,33.33333333333333
PT Bina Informatika,19,57.89473684210527,10.526315789473683,31.57894736842105
CV Cakra Logistik,19,57.89473684210527,10.526315789473683,31.57894736842105
PT Graha Data,33,57.57575757575758,21.21212121212121,21.21212121212121
PT Bina Makmur,14,57.14285714285714,7.142857142857142,35.714285714285715
PT Esa Karya,14,57.14285714285714,14.285714285714285,28.57142857142857
PT Techno Data,7,57.14285714285714,0.0,42.857142857142854
PT Esa Utama,14,57.14285714285714,14.285714285714285,28.57142857142857
PT Bakti Perkasa,7,57.14285714285714,14.285714285714285,28.57142857142857
CV Bakti Terapan,7,57.14285714285714,14.285714285714285,28.57142857142857
PT Bumi Global,7,57.14285714285714,28.57142857142857,14.285714285714285
PT Bakti Sejahtera,7,57.14285714285714,0.0,42.857142857142854
CV Media Sejahtera,7,57.14285714285714,0.0,42.857142857142854
PT Sinergi Bersama,7,57.14285714285714,14.285714285714285,28.57142857142857
PT Mega Makmur,14,57.14285714285714,0.0,42.857142857142854
CV Makmur Inovasi,21,57.14285714285714,9.523809523809524,33.33333333333333
CV Kreasi Konsultan,7,57.14285714285714,0.0,42.857142857142854
PT Kreasi Digital,7,57.14285714285714,0.0,42.857142857142854
CV Mandiri Bangsa,7,57.14285714285714,14.285714285714285,28.57142857142857
PT Solusi Sentosa,7,57.14285714285714,0.0,42.857142857142854
CV Indo Konsultan,14,57.14285714285714,14.285714285714285,28.57142857142857
PT Karya Sentosa,7,57.14285714285714,0.0,42.857142857142854
CV Jaya Abadi,7,57.14285714285714,0.0,42.857142857142854
PT Mitra Terapan,44,56.81818181818182,11.363636363636363,31.818181818181817
PT Bakti Mandiri,16,56.25,12.5,31.25
CV Prima Systems,9,55.55555555555556,0.0,44.44444444444444
PT Perkasa Sejahtera,9,55.55555555555556,0.0,44.44444444444444
PT Digital Gemilang,9,55.55555555555556,0.0,44.44444444444444
PT Bakti Karya,9,55.55555555555556,0.0,44.44444444444444
PT Abadi Teknologi,18,55.55555555555556,5.555555555555555,38.88888888888889
PT Daya Media,9,55.55555555555556,11.11111111111111,33.33333333333333
PT Kreasi Logistik,18,55.55555555555556,5.555555555555555,38.88888888888889
PT Bangkit Analitika,9,55.55555555555556,11.11111111111111,33.33333333333333
PT Esa Digital,9,55.55555555555556,11.11111111111111,33.33333333333333
PT Sentosa Indonesia,9,55.55555555555556,22.22222222222222,22.22222222222222
CV Prima Logistik,9,55.55555555555556,11.11111111111111,33.33333333333333
PT Inovasi Teknologi,9,55.55555555555556,22.22222222222222,22.22222222222222
PT Media Makmur,9,55.55555555555556,0.0,44.44444444444444
CV Prima Nusantara,9,55.55555555555556,22.22222222222222,22.22222222222222
PT Makmur Kreatif,20,55.00000000000001,10.0,35.0
CV Sentosa Karya,20,55.00000000000001,5.0,40.0
CV Techno Utama,11,54.54545454545454,18.181818181818183,27.27272727272727
CV Makmur Abadi,11,54.54545454545454,9.090909090909092,36.36363636363637
PT Inovasi Media,22,54.54545454545454,0.0,45.45454545454545
PT Mega Systems,11,54.54545454545454,18.181818181818183,27.27272727272727
CV Mega Logistik,11,54.54545454545454,9.090909090909092,36.36363636363637
PT Andalas Inovasi,11,54.54545454545454,9.090909090909092,36.36363636363637
PT Digital Logistik,11,54.54545454545454,0.0,45.45454545454545
PT Karya Cerdas,22,54.54545454545454,13.636363636363635,31.818181818181817
CV Daya Gemilang,11,54.54545454545454,18.181818181818183,27.27272727272727
CV Mega Analitika,24,54.166666666666664,12.5,33.33333333333333
PT Techno Digital,24,54.166666666666664,0.0,45.83333333333333
CV Bina Inovasi,13,53.84615384615385,15.384615384615385,30.76923076923077
CV Karya Konsultan,26,53.84615384615385,7.6923076923076925,38.46153846153847
PT Esa Pratama,28,53.57142857142857,10.714285714285714,35.714285714285715
PT Indo Utama,15,53.333333333333336,13.333333333333334,33.33333333333333
PT Perkasa Logistik,15,53.333333333333336,6.666666666666667,40.0
PT Techno Gemilang,15,53.333333333333336,13.333333333333334,33.33333333333333
PT Nusa Global,15,53.333333333333336,6.666666666666667,40.0
CV Karya Bersama,15,53.333333333333336,0.0,46.666666666666664
CV Makmur Data,30,53.333333333333336,10.0,36.666666666666664
CV Cakra Global,15,53.333333333333336,0.0,46.666666666666664
CV Abadi Bersama,15,53.333333333333336,0.0,46.666666666666664
CV Mandiri Utama,34,52.94117647058824,17.647058823529413,29.411764705882355
PT Mega Perkasa,17,52.94117647058824,17.647058823529413,29.411764705882355
PT Bangkit Gemilang,19,52.63157894736842,0.0,47.368421052631575
CV Esa Nusantara,19,52.63157894736842,5.263157894736842,42.10526315789473
CV Makmur Informatika,19,52.63157894736842,10.526315789473683,36.84210526315789
CV Bangkit Konsultan,42,52.38095238095239,14.285714285714285,33.33333333333333
CV Sinergi Karya,25,52.0,16.0,32.0
PT Prima Digital,25,52.0,16.0,32.0
PT Daya Makmur,27,51.85185185185185,18.51851851851852,29.629629629629626
PT Indo Cerdas,33,51.515151515151516,9.090909090909092,39.39393939393939
PT Solusi Nusantara,37,51.35135135135135,27.027027027027028,21.62162162162162
PT Nusa Logistik,39,51.28205128205128,10.256410256410255,38.46153846153847
PT Mitra Bersama,41,51.21951219512195,9.75609756097561,39.02439024390244
PT Esa Systems,43,51.162790697674424,6.976744186046512,41.86046511627907
PT Andalas Utama,47,51.06382978723404,14.893617021276595,34.04255319148936
PT Daya Konsultan,20,50.0,20.0,30.0
PT Bina Analitika,8,50.0,0.0,50.0
PT Perkasa Konsultan,6,50.0,0.0,50.0
PT Global Data,10,50.0,0.0,50.0
PT Gemilang Kreatif,10,50.0,20.0,30.0
PT Gemilang Konsultan,8,50.0,12.5,37.5
PT Bumi Utama,56,50.0,16.071428571428573,33.92857142857143
CV Graha Gemilang,16,50.0,6.25,43.75
CV Graha Informatika,8,50.0,12.5,37.5
PT Gemilang Indonesia,8,50.0,25.0,25.0
PT Cakra Sejahtera,14,50.0,7.142857142857142,42.857142857142854
PT Daya Gemilang,8,50.0,0.0,50.0
CV Graha Utama,6,50.0,16.666666666666664,33.33333333333333
PT Daya Perkasa,6,50.0,16.666666666666664,33.33333333333333
PT Cipta Bersama,22,50.0,9.090909090909092,40.909090909090914
PT Cipta Gemilang,32,50.0,9.375,40.625
PT Karya Digital,16,50.0,18.75,31.25
PT Abadi Karya,6,50.0,16.666666666666664,33.33333333333333
PT Indo Digital,6,50.0,0.0,50.0
PT Andalas Logistik,8,50.0,0.0,50.0
PT Andalas Indonesia,10,50.0,0.0,50.0
PT Andalas Sejahtera,26,50.0,7.6923076923076925,42.30769230769231
PT Andalas Analitika,10,50.0,0.0,50.0
CV Inovasi Utama,28,50.0,17.857142857142858,32.142857142857146
PT Jaya Mandiri,8,50.0,12.5,37.5
CV Bina Makmur,14,50.0,14.285714285714285,35.714285714285715
CV Bakti Sentosa,16,50.0,18.75,31.25
PT Kreasi Media,10,50.0,0.0,50.0
CV Bumi Data,6,50.0,16.666666666666664,33.33333333333333
PT Karya Media,12,50.0,25.0,25.0
PT Karya Global,28,50.0,10.714285714285714,39.285714285714285
CV Sejahtera Systems,14,50.0,35.714285714285715,14.285714285714285
CV Prima Perkasa,12,50.0,25.0,25.0
PT Indo Abadi,18,50.0,11.11111111111111,38.88888888888889
CV Solusi Systems,26,50.0,7.6923076923076925,42.30769230769231
PT Inovasi Data,22,50.0,4.545454545454546,45.45454545454545
CV Jaya Nusantara,6,50.0,0.0,50.0
CV Prima Terapan,20,50.0,20.0,30.0
PT Inovasi Global,8,50.0,0.0,50.0
CV Sentosa Data,18,50.0,11.11111111111111,38.88888888888889
CV Sentosa Indonesia,6,50.0,0.0,50.0
PT Bakti Logistik,12,50.0,0.0,50.0
PT Bangkit Informatika,10,50.0,0.0,50.0
PT Andalas Sentosa,16,50.0,12.5,37.5
PT Bakti Analitika,14,50.0,7.142857142857142,42.857142857142854
PT Sukses Digital,8,50.0,12.5,37.5
PT Nusa Sentosa,12,50.0,16.666666666666664,33.33333333333333
PT Gemilang Systems,8,50.0,0.0,50.0
PT Digital Pratama,8,50.0,12.5,37.5
CV Kreasi Mandiri,8,50.0,0.0,50.0
CV Andalas Nusantara,6,50.0,0.0,50.0
CV Global Abadi,6,50.0,33.33333333333333,16.666666666666664
CV Media Systems,10,50.0,0.0,50.0
PT Sinergi Kreatif,8,50.0,12.5,37.5
CV Karya Kreatif,8,50.0,0.0,50.0
CV Makmur Nusantara,10,50.0,0.0,50.0
PT Inti Konsultan,10,50.0,20.0,30.0
PT Inti Digital,6,50.0,0.0,50.0
CV Nusa Digital,8,50.0,25.0,25.0
PT Media Systems,20,50.0,10.0,40.0
PT Media Nusantara,10,50.0,0.0,50.0
PT Jaya Utama,10,50.0,20.0,30.0
PT Jaya Systems,26,50.0,11.538461538461538,38.46153846153847
CV Jaya Makmur,10,50.0,10.0,40.0
PT Kreasi Global,28,50.0,10.714285714285714,39.285714285714285
PT Nusa Inovasi,10,50.0,0.0,50.0
PT Mandiri Gemilang,10,50.0,10.0,40.0
CV Sejahtera Sentosa,10,50.0,0.0,50.0
CV Perkasa Konsultan,6,50.0,0.0,50.0
PT Sentosa Bersama,8,50.0,0.0,50.0
CV Bangkit Systems,26,50.0,11.538461538461538,38.46153846153847
CV Inti Teknologi,32,50.0,18.75,31.25
CV Perkasa Terapan,8,50.0,12.5,37.5
CV Nusa Sejahtera,10,50.0,20.0,30.0
PT Inti Nusantara,8,50.0,12.5,37.5
CV Perkasa Mandiri,12,50.0,8.333333333333332,41.66666666666667
PT Sejahtera Karya,6,50.0,16.666666666666664,33.33333333333333
PT Media Cerdas,6,50.0,33.33333333333333,16.666666666666664
PT Media Informatika,16,50.0,12.5,37.5
PT Prima Pratama,8,50.0,12.5,37.5
CV Solusi Makmur,14,50.0,7.142857142857142,42.857142857142854
PT Mandiri Analitika,14,50.0,21.428571428571427,28.57142857142857
PT Mega Inovasi,10,50.0,10.0,40.0
CV Bangkit Makmur,8,50.0,12.5,37.5
PT Mandiri Logistik,6,50.0,33.33333333333333,16.666666666666664
PT Jaya Logistik,53,49.056603773584904,11.320754716981133,39.62264150943396
PT Sinergi Makmur,49,48.97959183673469,6.122448979591836,44.89795918367347
PT Prima Utama,41,48.78048780487805,19.51219512195122,31.70731707317073
PT Bumi Teknologi,37,48.64864864864865,21.62162162162162,29.72972972972973
PT Cipta Perkasa,33,48.484848484848484,15.151515151515152,36.36363636363637
CV Nusa Informatika,29,48.275862068965516,13.793103448275861,37.93103448275862
PT Bina Sentosa,27,48.148148148148145,18.51851851851852,33.33333333333333
CV Inti Logistik,52,48.07692307692308,15.384615384615385,36.53846153846153
PT Inti Bangsa,25,48.0,24.0,28.000000000000004
PT Solusi Bangsa,48,47.91666666666667,10.416666666666668,41.66666666666667
CV Esa Global,23,47.82608695652174,8.695652173913043,43.47826086956522
PT Esa Bersama,23,47.82608695652174,8.695652173913043,43.47826086956522
PT Mitra Abadi,44,47.72727272727273,13.636363636363635,38.63636363636363
CV Bina Terapan,21,47.61904761904761,4.761904761904762,47.61904761904761
PT Kreasi Karya,21,47.61904761904761,9.523809523809524,42.857142857142854
PT Bina Solusi,42,47.61904761904761,19.047619047619047,33.33333333333333
PT Cakra Bangsa,38,47.368421052631575,15.789473684210526,36.84210526315789
PT Bangkit Sejahtera,19,47.368421052631575,10.526315789473683,42.10526315789473
PT Karya Pratama,19,47.368421052631575,5.263157894736842,47.368421052631575
PT Graha Sejahtera,19,47.368421052631575,10.526315789473683,42.10526315789473
PT Kreasi Sejahtera,19,47.368421052631575,5.263157894736842,47.368421052631575
PT Indo Solusi,19,47.368421052631575,10.526315789473683,42.10526315789473
PT Prima Karya,17,47.05882352941176,23.52941176470588,29.411764705882355
CV Abadi Mandiri,17,47.05882352941176,5.88235294117647,47.05882352941176
CV Bina Indonesia,17,47.05882352941176,11.76470588235294,41.17647058823529
PT Andalas Bangsa,17,47.05882352941176,11.76470588235294,41.17647058823529
PT Bakti Solusi,17,47.05882352941176,5.88235294117647,47.05882352941176
CV Sinergi Sentosa,17,47.05882352941176,11.76470588235294,41.17647058823529
CV Techno Sejahtera,32,46.875,9.375,43.75
PT Mega Utama,47,46.808510638297875,8.51063829787234,44.680851063829785
PT Esa Indonesia,15,46.666666666666664,20.0,33.33333333333333
PT Sentosa Pratama,15,46.666666666666664,26.666666666666668,26.666666666666668
PT Sejahtera Informatika,45,46.666666666666664,11.11111111111111,42.22222222222222
PT Graha Global,15,46.666666666666664,0.0,53.333333333333336
CV Inti Systems,15,46.666666666666664,6.666666666666667,46.666666666666664
PT Techno Logistik,30,46.666666666666664,10.0,43.333333333333336
PT Digital Sejahtera,15,46.666666666666664,13.333333333333334,40.0
PT Digital Media,15,46.666666666666664,40.0,13.333333333333334
PT Inti Global,15,46.666666666666664,13.333333333333334,40.0
CV Digital Gemilang,28,46.42857142857143,21.428571428571427,32.142857142857146
CV Solusi Mandiri,28,46.42857142857143,17.857142857142858,35.714285714285715
CV Esa Bangsa,13,46.15384615384615,23.076923076923077,30.76923076923077
CV Inti Perkasa,13,46.15384615384615,23.076923076923077,30.76923076923077
CV Makmur Logistik,52,46.15384615384615,23.076923076923077,30.76923076923077
PT Daya Teknologi,13,46.15384615384615,7.6923076923076925,46.15384615384615
PT Bina Gemilang,26,46.15384615384615,11.538461538461538,42.30769230769231
CV Sejahtera Pratama,26,46.15384615384615,3.8461538461538463,50.0
CV Global Systems,39,46.15384615384615,5.128205128205128,48.717948717948715
PT Solusi Sejahtera,13,46.15384615384615,15.384615384615385,38.46153846153847
PT Makmur Informatika,13,46.15384615384615,15.384615384615385,38.46153846153847
PT Sentosa Informatika,13,46.15384615384615,7.6923076923076925,46.15384615384615
PT Perkasa Mandiri,37,45.94594594594595,8.108108108108109,45.94594594594595
PT Global Karya,24,45.83333333333333,0.0,54.166666666666664
PT Esa Bangsa,24,45.83333333333333,8.333333333333332,45.83333333333333
PT Bangkit Global,35,45.714285714285715,8.571428571428571,45.714285714285715
PT Esa Informatika,35,45.714285714285715,11.428571428571429,42.857142857142854
PT Digital Makmur,46,45.65217391304348,10.869565217391305,43.47826086956522
PT Esa Mandiri,68,45.588235294117645,10.294117647058822,44.11764705882353
PT Abadi Indonesia,22,45.45454545454545,9.090909090909092,45.45454545454545
PT Graha Makmur,22,45.45454545454545,4.545454545454546,50.0
CV Techno Indonesia,11,45.45454545454545,9.090909090909092,45.45454545454545
PT Bangkit Perkasa,22,45.45454545454545,4.545454545454546,50.0
PT Cipta Cerdas,11,45.45454545454545,18.181818181818183,36.36363636363637
CV Cipta Sejahtera,22,45.45454545454545,22.727272727272727,31.818181818181817
PT Sinergi Inovasi,11,45.45454545454545,0.0,54.54545454545454
PT Prima Gemilang,11,45.45454545454545,0.0,54.54545454545454
CV Daya Utama,11,45.45454545454545,27.27272727272727,27.27272727272727
CV Inovasi Konsultan,22,45.45454545454545,4.545454545454546,50.0
PT Bakti Pratama,22,45.45454545454545,9.090909090909092,45.45454545454545
CV Esa Logistik,11,45.45454545454545,9.090909090909092,45.45454545454545
PT Andalas Global,11,45.45454545454545,9.090909090909092,45.45454545454545
PT Prima Konsultan,11,45.45454545454545,18.181818181818183,36.36363636363637
PT Prima Solusi,22,45.45454545454545,18.181818181818183,36.36363636363637
PT Inti Inovasi,11,45.45454545454545,0.0,54.54545454545454
PT Karya Analitika,11,45.45454545454545,9.090909090909092,45.45454545454545
CV Nusa Gemilang,11,45.45454545454545,0.0,54.54545454545454
PT Inovasi Perkasa,22,45.45454545454545,9.090909090909092,45.45454545454545
PT Mega Bersama,33,45.45454545454545,27.27272727272727,27.27272727272727
PT Bina Kreatif,11,45.45454545454545,27.27272727272727,27.27272727272727
PT Inovasi Konsultan,11,45.45454545454545,9.090909090909092,45.45454545454545
PT Karya Gemilang,11,45.45454545454545,27.27272727272727,27.27272727272727
PT Gemilang Perkasa,11,45.45454545454545,27.27272727272727,27.27272727272727
CV Nusa Indonesia,11,45.45454545454545,18.181818181818183,36.36363636363637
PT Sejahtera Systems,11,45.45454545454545,9.090909090909092,45.45454545454545
CV Sejahtera Kreatif,31,45.16129032258064,19.35483870967742,35.483870967741936
PT Mandiri Informatika,20,45.0,10.0,45.0
CV Daya Systems,29,44.827586206896555,6.896551724137931,48.275862068965516
PT Jaya Solusi,29,44.827586206896555,10.344827586206897,44.827586206896555
PT Bina Bersama,29,44.827586206896555,13.793103448275861,41.37931034482759
PT Esa Media,38,44.73684210526316,13.157894736842104,42.10526315789473
CV Indo Pratama,38,44.73684210526316,10.526315789473683,44.73684210526316
PT Cipta Solusi,9,44.44444444444444,33.33333333333333,22.22222222222222
PT Techno Media,9,44.44444444444444,0.0,55.55555555555556
CV Prima Sejahtera,36,44.44444444444444,2.7777777777777777,52.77777777777778
PT Cakra Indonesia,9,44.44444444444444,0.0,55.55555555555556
PT Indo Makmur,18,44.44444444444444,16.666666666666664,38.88888888888889
PT Solusi Perkasa,18,44.44444444444444,11.11111111111111,44.44444444444444
CV Mega Pratama,9,44.44444444444444,0.0,55.55555555555556
CV Bina Pratama,18,44.44444444444444,11.11111111111111,44.44444444444444
PT Bakti Konsultan,18,44.44444444444444,22.22222222222222,33.33333333333333
PT Andalas Data,9,44.44444444444444,22.22222222222222,33.33333333333333
PT Abadi Informatika,18,44.44444444444444,22.22222222222222,33.33333333333333
PT Jaya Global,18,44.44444444444444,16.666666666666664,38.88888888888889
PT Inti Solusi,9,44.44444444444444,11.11111111111111,44.44444444444444
PT Indo Analitika,9,44.44444444444444,0.0,55.55555555555556
PT Perkasa Media,18,44.44444444444444,27.77777777777778,27.77777777777778
PT Nusa Informatika,18,44.44444444444444,11.11111111111111,44.44444444444444
PT Bina Utama,9,44.44444444444444,11.11111111111111,44.44444444444444
PT Perkasa Pratama,18,44.44444444444444,5.555555555555555,50.0
CV Karya Bangsa,18,44.44444444444444,11.11111111111111,44.44444444444444
CV Jaya Data,9,44.44444444444444,11.11111111111111,44.44444444444444
CV Mitra Logistik,18,44.44444444444444,11.11111111111111,44.44444444444444
PT Esa Sentosa,9,44.44444444444444,33.33333333333333,22.22222222222222
PT Prima Systems,9,44.44444444444444,33.33333333333333,22.22222222222222
PT Mega Bangsa,9,44.44444444444444,0.0,55.55555555555556
PT Global Inovasi,9,44.44444444444444,0.0,55.55555555555556
CV Nusa Media,9,44.44444444444444,0.0,55.55555555555556
PT Mandiri Teknologi,9,44.44444444444444,0.0,55.55555555555556
PT Jaya Teknologi,9,44.44444444444444,11.11111111111111,44.44444444444444
PT Cipta Informatika,43,44.18604651162791,11.627906976744185,44.18604651162791
PT Sejahtera Abadi,34,44.11764705882353,14.705882352941178,41.17647058823529
PT Sejahtera Terapan,34,44.11764705882353,11.76470588235294,44.11764705882353
PT Abadi Inovasi,25,44.0,4.0,52.0
PT Kreasi Gemilang,25,44.0,12.0,44.0
PT Andalas Media,25,44.0,4.0,52.0
PT Sentosa Konsultan,25,44.0,16.0,40.0
PT Bumi Sentosa,25,44.0,8.0,48.0
PT Graha Utama,16,43.75,25.0,31.25
CV Esa Abadi,32,43.75,9.375,46.875
PT Kreasi Pratama,16,43.75,12.5,43.75
CV Inti Kreatif,16,43.75,12.5,43.75
CV Prima Cerdas,16,43.75,6.25,50.0
CV Bakti Utama,16,43.75,12.5,43.75
CV Sejahtera Nusantara,16,43.75,6.25,50.0
PT Indo Systems,46,43.47826086956522,10.869565217391305,45.65217391304348
PT Digital Konsultan,23,43.47826086956522,8.695652173913043,47.82608695652174
CV Abadi Pratama,23,43.47826086956522,4.3478260869565215,52.17391304347826
PT Sukses Logistik,23,43.47826086956522,17.391304347826086,39.130434782608695
PT Abadi Sentosa,30,43.333333333333336,26.666666666666668,30.0
PT Graha Pratama,30,43.333333333333336,16.666666666666664,40.0
CV Techno Data,30,43.333333333333336,13.333333333333334,43.333333333333336
PT Gemilang Bersama,44,43.18181818181818,13.636363636363635,43.18181818181818
PT Techno Mandiri,7,42.857142857142854,0.0,57.14285714285714
CV Prima Bersama,7,42.857142857142854,14.285714285714285,42.857142857142854
PT Karya Terapan,7,42.857142857142854,28.57142857142857,28.57142857142857
PT Cakra Utama,21,42.857142857142854,14.285714285714285,42.857142857142854
PT Kreasi Solusi,21,42.857142857142854,0.0,57.14285714285714
PT Cipta Indonesia,14,42.857142857142854,0.0,57.14285714285714
PT Graha Teknologi,7,42.857142857142854,28.57142857142857,28.57142857142857
PT Esa Konsultan,7,42.857142857142854,0.0,57.14285714285714
PT Graha Konsultan,7,42.857142857142854,14.285714285714285,42.857142857142854
PT Graha Bangsa,7,42.857142857142854,14.285714285714285,42.857142857142854
PT Prima Kreatif,14,42.857142857142854,21.428571428571427,35.714285714285715
PT Prima Makmur,7,42.857142857142854,28.57142857142857,28.57142857142857
PT Jaya Nusantara,14,42.857142857142854,7.142857142857142,50.0
PT Sukses Analitika,14,42.857142857142854,7.142857142857142,50.0
PT Sentosa Nusantara,7,42.857142857142854,0.0,57.14285714285714
CV Jaya Konsultan,7,42.857142857142854,14.285714285714285,42.857142857142854
CV Inti Utama,42,42.857142857142854,14.285714285714285,42.857142857142854
CV Sentosa Makmur,63,42.857142857142854,19.047619047619047,38.095238095238095
PT Cakra Abadi,14,42.857142857142854,21.428571428571427,35.714285714285715
PT Mandiri Systems,7,42.857142857142854,42.857142857142854,14.285714285714285
PT Mitra Indonesia,28,42.857142857142854,14.285714285714285,42.857142857142854
PT Esa Solusi,7,42.857142857142854,14.285714285714285,42.857142857142854
PT Perkasa Karya,7,42.857142857142854,14.285714285714285,42.857142857142854
PT Gemilang Data,21,42.857142857142854,14.285714285714285,42.857142857142854
PT Media Data,14,42.857142857142854,7.142857142857142,50.0
CV Prima Global,7,42.857142857142854,28.57142857142857,28.57142857142857
CV Kreasi Informatika,7,42.857142857142854,0.0,57.14285714285714
CV Global Utama,14,42.857142857142854,21.428571428571427,35.714285714285715
PT Mandiri Perkasa,14,42.857142857142854,0.0,57.14285714285714
PT Techno Pratama,14,42.857142857142854,21.428571428571427,35.714285714285715
CV Bina Global,7,42.857142857142854,14.285714285714285,42.857142857142854
CV Bakti Sejahtera,7,42.857142857142854,57.14285714285714,0.0
CV Media Analitika,42,42.857142857142854,9.523809523809524,47.61904761904761
PT Kreasi Perkasa,7,42.857142857142854,14.285714285714285,42.857142857142854
CV Kreasi Logistik,7,42.857142857142854,0.0,57.14285714285714
PT Mega Mandiri,7,42.857142857142854,28.57142857142857,28.57142857142857
PT Sukses Teknologi,7,42.857142857142854,28.57142857142857,28.57142857142857
CV Inovasi Media,7,42.857142857142854,14.285714285714285,42.857142857142854
CV Bumi Sentosa,21,42.857142857142854,14.285714285714285,42.857142857142854
PT Media Pratama,7,42.857142857142854,14.285714285714285,42.857142857142854
PT Sentosa Data,14,42.857142857142854,7.142857142857142,50.0
PT Cipta Global,7,42.857142857142854,14.285714285714285,42.857142857142854
PT Sukses Global,47,42.5531914893617,19.148936170212767,38.297872340425535
CV Sinergi Informatika,40,42.5,17.5,40.0
PT Mega Nusantara,26,42.30769230769231,7.6923076923076925,50.0
PT Mandiri Abadi,45,42.22222222222222,20.0,37.77777777777778
PT Bangkit Bangsa,57,42.10526315789473,17.543859649122805,40.35087719298245
PT Solusi Utama,19,42.10526315789473,26.31578947368421,31.57894736842105
PT Nusa Abadi,19,42.10526315789473,0.0,57.89473684210527
PT Makmur Konsultan,38,42.10526315789473,13.157894736842104,44.73684210526316
PT Bina Digital,31,41.935483870967744,3.225806451612903,54.83870967741935
CV Techno Mandiri,12,41.66666666666667,25.0,33.33333333333333
CV Sukses Karya,36,41.66666666666667,8.333333333333332,50.0
CV Bumi Perkasa,12,41.66666666666667,16.666666666666664,41.66666666666667
CV Indo Analitika,24,41.66666666666667,12.5,45.83333333333333
CV Sinergi Mandiri,12,41.66666666666667,25.0,33.33333333333333
PT Sejahtera Indonesia,12,41.66666666666667,16.666666666666664,41.66666666666667
PT Inti Makmur,36,41.66666666666667,8.333333333333332,50.0
PT Digital Kreatif,12,41.66666666666667,16.666666666666664,41.66666666666667
PT Sejahtera Nusantara,12,41.66666666666667,8.333333333333332,50.0
PT Esa Makmur,12,41.66666666666667,8.333333333333332,50.0
CV Media Informatika,12,41.66666666666667,16.666666666666664,41.66666666666667
PT Bakti Utama,12,41.66666666666667,8.333333333333332,50.0
PT Inti Systems,12,41.66666666666667,16.666666666666664,41.66666666666667
CV Graha Pratama,12,41.66666666666667,0.0,58.333333333333336
CV Mitra Media,24,41.66666666666667,20.833333333333336,37.5
PT Cakra Kreatif,12,41.66666666666667,16.666666666666664,41.66666666666667
PT Inovasi Bangsa,36,41.66666666666667,16.666666666666664,41.66666666666667
PT Inovasi Nusantara,12,41.66666666666667,25.0,33.33333333333333
CV Bangkit Nusantara,12,41.66666666666667,8.333333333333332,50.0
PT Andalas Mandiri,24,41.66666666666667,4.166666666666666,54.166666666666664
CV Mandiri Pratama,58,41.37931034482759,12.068965517241379,46.55172413793103
PT Media Bangsa,29,41.37931034482759,17.24137931034483,41.37931034482759
PT Perkasa Teknologi,29,41.37931034482759,13.793103448275861,44.827586206896555
CV Graha Mandiri,17,41.17647058823529,17.647058823529413,41.17647058823529
PT Global Analitika,17,41.17647058823529,17.647058823529413,41.17647058823529
PT Cakra Teknologi,17,41.17647058823529,5.88235294117647,52.94117647058824
PT Nusa Data,17,41.17647058823529,11.76470588235294,47.05882352941176
PT Mitra Data,56,41.07142857142857,19.642857142857142,39.285714285714285
PT Bina Data,39,41.02564102564102,15.384615384615385,43.58974358974359
CV Sejahtera Utama,39,41.02564102564102,10.256410256410255,48.717948717948715
CV Sinergi Bangsa,22,40.909090909090914,13.636363636363635,45.45454545454545
CV Mandiri Terapan,44,40.909090909090914,11.363636363636363,47.72727272727273
PT Sentosa Solusi,22,40.909090909090914,4.545454545454546,54.54545454545454
CV Abadi Global,22,40.909090909090914,27.27272727272727,31.818181818181817
PT Bumi Sejahtera,27,40.74074074074074,18.51851851851852,40.74074074074074
CV Cakra Teknologi,27,40.74074074074074,7.4074074074074066,51.85185185185185
PT Sejahtera Inovasi,32,40.625,12.5,46.875
PT Gemilang Inovasi,37,40.54054054054054,13.513513513513514,45.94594594594595
CV Inovasi Perkasa,37,40.54054054054054,13.513513513513514,45.94594594594595
PT Daya Kreatif,37,40.54054054054054,8.108108108108109,51.35135135135135
PT Cakra Cerdas,42,40.476190476190474,7.142857142857142,52.38095238095239
PT Solusi Informatika,57,40.35087719298245,14.035087719298245,45.614035087719294
PT Kreasi Makmur,10,40.0,10.0,50.0
CV Bangkit Indonesia,10,40.0,20.0,40.0
CV Abadi Analitika,10,40.0,30.0,30.0
PT Techno Karya,20,40.0,10.0,50.0
PT Sukses Inovasi,10,40.0,0.0,60.0
CV Bumi Utama,5,40.0,0.0,60.0
PT Perkasa Bangsa,25,40.0,4.0,56.00000000000001
PT Nusa Utama,5,40.0,20.0,40.0
PT Solusi Kreatif,15,40.0,6.666666666666667,53.333333333333336
PT Solusi Media,15,40.0,0.0,60.0
PT Kreasi Bersama,10,40.0,10.0,50.0
PT Inti Perkasa,5,40.0,20.0,40.0
PT Daya Karya,5,40.0,0.0,60.0
CV Bakti Nusantara,5,40.0,0.0,60.0
CV Cakra Inovasi,15,40.0,13.333333333333334,46.666666666666664
CV Bumi Media,5,40.0,20.0,40.0
CV Andalas Sentosa,15,40.0,13.333333333333334,46.666666666666664
PT Bina Abadi,10,40.0,20.0,40.0
CV Gemilang Konsultan,25,40.0,20.0,40.0
CV Daya Solusi,35,40.0,17.142857142857142,42.857142857142854
PT Bumi Solusi,25,40.0,8.0,52.0
CV Solusi Cerdas,15,40.0,6.666666666666667,53.333333333333336
PT Solusi Global,20,40.0,5.0,55.00000000000001
CV Karya Pratama,25,40.0,4.0,56.00000000000001
PT Inti Cerdas,10,40.0,20.0,40.0
PT Bina Karya,20,40.0,5.0,55.00000000000001
PT Bumi Pratama,5,40.0,20.0,40.0
PT Cipta Media,30,40.0,13.333333333333334,46.666666666666664
PT Bina Systems,20,40.0,10.0,50.0
PT Kreasi Teknologi,20,40.0,5.0,55.00000000000001
PT Media Utama,40,40.0,15.0,45.0
PT Makmur Bangsa,5,40.0,0.0,60.0
PT Kreasi Informatika,10,40.0,20.0,40.0
PT Perkasa Utama,5,40.0,40.0,20.0
PT Sinergi Pratama,10,40.0,10.0,50.0
CV Inti Gemilang,5,40.0,20.0,40.0
CV Mega Sentosa,65,40.0,15.384615384615385,44.61538461538462
CV Media Logistik,10,40.0,20.0,40.0
PT Sentosa Media,50,40.0,14.000000000000002,46.0
CV Mitra Gemilang,5,40.0,0.0,60.0
PT Bina Bangsa,5,40.0,20.0,40.0
PT Global Solusi,5,40.0,20.0,40.0
PT Global Sejahtera,5,40.0,20.0,40.0
PT Nusa Analitika,30,40.0,6.666666666666667,53.333333333333336
PT Andalas Perkasa,10,40.0,10.0,50.0
CV Solusi Perkasa,25,40.0,20.0,40.0
CV Nusa Nusantara,5,40.0,0.0,60.0
CV Mega Data,20,40.0,10.0,50.0
CV Cakra Kreatif,10,40.0,30.0,30.0
CV Sukses Utama,5,40.0,20.0,40.0
PT Abadi Mandiri,5,40.0,0.0,60.0
PT Daya Sejahtera,5,40.0,0.0,60.0
PT Karya Kreatif,20,40.0,15.0,45.0
PT Mitra Mandiri,5,40.0,20.0,40.0
CV Cipta Teknologi,5,40.0,20.0,40.0
PT Daya Inovasi,5,40.0,20.0,40.0
PT Graha Informatika,5,40.0,20.0,40.0
CV Graha Media,5,40.0,20.0,40.0
PT Makmur Utama,15,40.0,6.666666666666667,53.333333333333336
CV Makmur Analitika,25,40.0,8.0,52.0
PT Sinergi Indonesia,30,40.0,6.666666666666667,53.333333333333336
PT Mega Konsultan,20,40.0,30.0,30.0
CV Andalas Terapan,20,40.0,10.0,50.0
PT Sukses Bersama,15,40.0,0.0,60.0
CV Inti Abadi,10,40.0,10.0,50.0
PT Jaya Media,15,40.0,13.333333333333334,46.666666666666664
CV Cipta Nusantara,5,40.0,0.0,60.0
CV Daya Teknologi,5,40.0,0.0,60.0
PT Graha Perkasa,43,39.53488372093023,13.953488372093023,46.51162790697674
PT Graha Karya,38,39.473684210526315,7.894736842105263,52.63157894736842
CV Digital Teknologi,61,39.34426229508197,21.311475409836063,39.34426229508197
PT Inovasi Solusi,28,39.285714285714285,10.714285714285714,50.0
PT Bangkit Solusi,28,39.285714285714285,3.571428571428571,57.14285714285714
CV Andalas Sejahtera,28,39.285714285714285,10.714285714285714,50.0
PT Cakra Inovasi,51,39.21568627450981,3.9215686274509802,56.86274509803921
CV Cipta Pratama,23,39.130434782608695,8.695652173913043,52.17391304347826
CV Prima Gemilang,23,39.130434782608695,21.73913043478261,39.130434782608695
CV Indo Perkasa,23,39.130434782608695,13.043478260869565,47.82608695652174
PT Bina Nusantara,23,39.130434782608695,8.695652173913043,52.17391304347826
PT Inti Karya,23,39.130434782608695,13.043478260869565,47.82608695652174
PT Perkasa Informatika,23,39.130434782608695,8.695652173913043,52.17391304347826
PT Daya Cerdas,23,39.130434782608695,8.695652173913043,52.17391304347826
CV Nusa Teknologi,23,39.130434782608695,21.73913043478261,39.130434782608695
PT Gemilang Media,41,39.02439024390244,17.073170731707318,43.90243902439025
PT Cakra Gemilang,18,38.88888888888889,16.666666666666664,44.44444444444444
PT Gemilang Nusantara,54,38.88888888888889,11.11111111111111,50.0
CV Sejahtera Perkasa,18,38.88888888888889,5.555555555555555,55.55555555555556
PT Nusa Cerdas,18,38.88888888888889,16.666666666666664,44.44444444444444
PT Karya Sejahtera,18,38.88888888888889,22.22222222222222,38.88888888888889
PT Kreasi Systems,18,38.88888888888889,16.666666666666664,44.44444444444444
CV Digital Utama,18,38.88888888888889,27.77777777777778,33.33333333333333
PT Daya Utama,54,38.88888888888889,3.7037037037037033,57.407407407407405
CV Mandiri Data,18,38.88888888888889,5.555555555555555,55.55555555555556
CV Graha Bangsa,18,38.88888888888889,5.555555555555555,55.55555555555556
PT Sukses Systems,49,38.775510204081634,22.448979591836736,38.775510204081634
PT Kreasi Sentosa,31,38.70967741935484,12.903225806451612,48.38709677419355
PT Andalas Solusi,31,38.70967741935484,12.903225806451612,48.38709677419355
CV Karya Logistik,31,38.70967741935484,16.129032258064516,45.16129032258064
PT Sentosa Mandiri,44,38.63636363636363,9.090909090909092,52.27272727272727
PT Daya Terapan,44,38.63636363636363,15.909090909090908,45.45454545454545
PT Gemilang Sentosa,13,38.46153846153847,7.6923076923076925,53.84615384615385
CV Bangkit Mandiri,13,38.46153846153847,23.076923076923077,38.46153846153847
PT Sukses Makmur,26,38.46153846153847,3.8461538461538463,57.692307692307686
PT Nusa Pratama,26,38.46153846153847,11.538461538461538,50.0
PT Inti Abadi,13,38.46153846153847,7.6923076923076925,53.84615384615385
CV Indo Bangsa,13,38.46153846153847,0.0,61.53846153846154
PT Indo Nusantara,13,38.46153846153847,15.384615384615385,46.15384615384615
PT Techno Terapan,26,38.46153846153847,11.538461538461538,50.0
CV Andalas Konsultan,13,38.46153846153847,15.384615384615385,46.15384615384615
PT Sukses Mandiri,13,38.46153846153847,15.384615384615385,46.15384615384615
PT Bumi Media,26,38.46153846153847,3.8461538461538463,57.692307692307686
PT Abadi Konsultan,34,38.23529411764706,8.823529411764707,52.94117647058824
CV Global Gemilang,34,38.23529411764706,14.705882352941178,47.05882352941176
PT Sinergi Digital,34,38.23529411764706,14.705882352941178,47.05882352941176
PT Inovasi Indonesia,21,38.095238095238095,19.047619047619047,42.857142857142854
PT Bumi Cerdas,21,38.095238095238095,9.523809523809524,52.38095238095239
CV Daya Bangsa,21,38.095238095238095,9.523809523809524,52.38095238095239
PT Mandiri Utama,42,38.095238095238095,21.428571428571427,40.476190476190474
PT Sukses Solusi,42,38.095238095238095,23.809523809523807,38.095238095238095
CV Nusa Systems,21,38.095238095238095,4.761904761904762,57.14285714285714
CV Indo Indonesia,42,38.095238095238095,9.523809523809524,52.38095238095239
CV Bina Bersama,50,38.0,14.000000000000002,48.0
PT Media Indonesia,50,38.0,16.0,46.0
PT Techno Informatika,29,37.93103448275862,13.793103448275861,48.275862068965516
PT Abadi Digital,29,37.93103448275862,10.344827586206897,51.724137931034484
CV Nusa Bersama,29,37.93103448275862,10.344827586206897,51.724137931034484
PT Bina Logistik,29,37.93103448275862,17.24137931034483,44.827586206896555
CV Sejahtera Digital,37,37.83783783783784,8.108108108108109,54.054054054054056
CV Daya Data,61,37.704918032786885,16.39344262295082,45.90163934426229
CV Solusi Karya,8,37.5,0.0,62.5
PT Mandiri Nusantara,16,37.5,31.25,31.25
CV Sukses Konsultan,8,37.5,12.5,50.0
PT Inovasi Gemilang,8,37.5,25.0,37.5
CV Sinergi Logistik,8,37.5,12.5,50.0
PT Bangkit Abadi,8,37.5,12.5,50.0
PT Mandiri Inovasi,24,37.5,25.0,37.5
PT Mandiri Karya,8,37.5,0.0,62.5
PT Nusa Gemilang,8,37.5,0.0,62.5
PT Digital Sentosa,24,37.5,8.333333333333332,54.166666666666664
CV Bakti Bangsa,16,37.5,18.75,43.75
PT Andalas Kreatif,8,37.5,12.5,50.0
CV Inovasi Pratama,16,37.5,12.5,50.0
PT Daya Systems,24,37.5,12.5,50.0
PT Mega Indonesia,8,37.5,12.5,50.0
PT Sukses Bangsa,8,37.5,12.5,50.0
PT Digital Inovasi,8,37.5,25.0,37.5
PT Jaya Abadi,8,37.5,25.0,37.5
CV Mandiri Karya,16,37.5,12.5,50.0
PT Daya Nusantara,24,37.5,8.333333333333332,54.166666666666664
PT Daya Bersama,8,37.5,0.0,62.5
PT Kreasi Inovasi,8,37.5,0.0,62.5
CV Jaya Cerdas,32,37.5,12.5,50.0
PT Cipta Logistik,16,37.5,12.5,50.0
CV Cakra Analitika,24,37.5,16.666666666666664,45.83333333333333
PT Sukses Data,8,37.5,37.5,25.0
PT Cipta Pratama,24,37.5,8.333333333333332,54.166666666666664
CV Indo Nusantara,8,37.5,25.0,37.5
PT Andalas Digital,32,37.5,18.75,43.75
CV Sinergi Kreatif,16,37.5,0.0,62.5
CV Bina Abadi,8,37.5,12.5,50.0
PT Andalas Nusantara,8,37.5,25.0,37.5
CV Techno Analitika,8,37.5,25.0,37.5
PT Prima Cerdas,8,37.5,12.5,50.0
PT Abadi Media,16,37.5,12.5,50.0
CV Sukses Kreatif,8,37.5,25.0,37.5
CV Andalas Digital,43,37.2093023255814,9.30232558139535,53.48837209302325
PT Bangkit Pratama,35,37.142857142857146,17.142857142857142,45.714285714285715
CV Bumi Terapan,35,37.142857142857146,20.0,42.857142857142854
PT Inovasi Pratama,27,37.03703703703704,25.925925925925924,37.03703703703704
CV Cakra Mandiri,27,37.03703703703704,22.22222222222222,40.74074074074074
PT Sukses Konsultan,54,37.03703703703704,14.814814814814813,48.148148148148145
CV Andalas Systems,27,37.03703703703704,11.11111111111111,51.85185185185185
PT Nusa Karya,19,36.84210526315789,21.052631578947366,42.10526315789473
PT Mitra Teknologi,38,36.84210526315789,13.157894736842104,50.0
PT Digital Informatika,19,36.84210526315789,26.31578947368421,36.84210526315789
PT Bina Cerdas,38,36.84210526315789,13.157894736842104,50.0
PT Bangkit Karya,19,36.84210526315789,26.31578947368421,36.84210526315789
CV Abadi Media,19,36.84210526315789,21.052631578947366,42.10526315789473
CV Sukses Media,57,36.84210526315789,8.771929824561402,54.385964912280706
PT Global Konsultan,38,36.84210526315789,21.052631578947366,42.10526315789473
PT Prima Data,49,36.734693877551024,16.3265306122449,46.93877551020408
PT Perkasa Terapan,49,36.734693877551024,18.367346938775512,44.89795918367347
PT Sejahtera Media,30,36.666666666666664,10.0,53.333333333333336
CV Techno Solusi,30,36.666666666666664,10.0,53.333333333333336
CV Graha Cerdas,41,36.58536585365854,9.75609756097561,53.65853658536586
PT Makmur Inovasi,41,36.58536585365854,9.75609756097561,53.65853658536586
CV Cakra Indonesia,63,36.507936507936506,17.46031746031746,46.03174603174603
PT Gemilang Informatika,11,36.36363636363637,0.0,63.63636363636363
PT Karya Systems,11,36.36363636363637,0.0,63.63636363636363
PT Digital Teknologi,22,36.36363636363637,13.636363636363635,50.0
PT Cipta Sejahtera,11,36.36363636363637,18.181818181818183,45.45454545454545
CV Cakra Cerdas,11,36.36363636363637,9.090909090909092,54.54545454545454
CV Gemilang Systems,33,36.36363636363637,12.121212121212121,51.515151515151516
PT Nusa Perkasa,11,36.36363636363637,0.0,63.63636363636363
PT Bangkit Media,11,36.36363636363637,18.181818181818183,45.45454545454545
CV Solusi Bangsa,11,36.36363636363637,9.090909090909092,54.54545454545454
PT Bumi Logistik,11,36.36363636363637,0.0,63.63636363636363
PT Jaya Terapan,11,36.36363636363637,18.181818181818183,45.45454545454545
PT Sinergi Mandiri,11,36.36363636363637,9.090909090909092,54.54545454545454
PT Bangkit Terapan,11,36.36363636363637,18.181818181818183,45.45454545454545
CV Inti Indonesia,11,36.36363636363637,18.181818181818183,45.45454545454545
PT Mitra Informatika,22,36.36363636363637,4.545454545454546,59.09090909090909
PT Andalas Karya,11,36.36363636363637,27.27272727272727,36.36363636363637
CV Graha Logistik,44,36.36363636363637,9.090909090909092,54.54545454545454
PT Bangkit Digital,22,36.36363636363637,13.636363636363635,50.0
PT Solusi Abadi,47,36.17021276595745,12.76595744680851,51.06382978723404
CV Kreasi Makmur,47,36.17021276595745,19.148936170212767,44.680851063829785
CV Nusa Terapan,50,36.0,18.0,46.0
PT Bakti Inovasi,25,36.0,32.0,32.0
CV Inovasi Mandiri,25,36.0,28.000000000000004,36.0
PT Sinergi Sejahtera,25,36.0,16.0,48.0
PT Bumi Informatika,53,35.84905660377358,16.9811320754717,47.16981132075472
CV Graha Digital,14,35.714285714285715,7.142857142857142,57.14285714285714
PT Sinergi Bangsa,28,35.714285714285715,14.285714285714285,50.0
PT Mandiri Global,14,35.714285714285715,7.142857142857142,57.14285714285714
PT Graha Systems,28,35.714285714285715,0.0,64.28571428571429
CV Bakti Gemilang,28,35.714285714285715,21.428571428571427,42.857142857142854
PT Inti Sentosa,14,35.714285714285715,42.857142857142854,21.428571428571427
PT Andalas Informatika,14,35.714285714285715,0.0,64.28571428571429
CV Inti Bangsa,14,35.714285714285715,21.428571428571427,42.857142857142854
CV Esa Kreatif,14,35.714285714285715,7.142857142857142,57.14285714285714
PT Bakti Informatika,14,35.714285714285715,21.428571428571427,42.857142857142854
PT Global Digital,14,35.714285714285715,28.57142857142857,35.714285714285715
CV Sinergi Pratama,14,35.714285714285715,14.285714285714285,50.0
PT Gemilang Digital,14,35.714285714285715,28.57142857142857,35.714285714285715
CV Prima Indonesia,14,35.714285714285715,21.428571428571427,42.857142857142854
CV Sentosa Inovasi,45,35.55555555555556,15.555555555555555,48.888888888888886
PT Techno Analitika,31,35.483870967741936,16.129032258064516,48.38709677419355
CV Techno Terapan,31,35.483870967741936,6.451612903225806,58.06451612903226
PT Cakra Digital,31,35.483870967741936,25.806451612903224,38.70967741935484
CV Abadi Sentosa,48,35.41666666666667,18.75,45.83333333333333
CV Esa Inovasi,17,35.294117647058826,5.88235294117647,58.82352941176471
CV Andalas Media,34,35.294117647058826,23.52941176470588,41.17647058823529
PT Bakti Systems,17,35.294117647058826,29.411764705882355,35.294117647058826
PT Prima Teknologi,17,35.294117647058826,11.76470588235294,52.94117647058824
CV Global Bangsa,17,35.294117647058826,0.0,64.70588235294117
CV Perkasa Utama,51,35.294117647058826,9.803921568627452,54.90196078431373
CV Jaya Informatika,17,35.294117647058826,5.88235294117647,58.82352941176471
PT Indo Mandiri,54,35.18518518518518,14.814814814814813,50.0
PT Global Cerdas,37,35.13513513513514,16.216216216216218,48.64864864864865
PT Indo Data,20,35.0,15.0,50.0
PT Karya Teknologi,20,35.0,15.0,50.0
PT Sejahtera Kreatif,40,35.0,25.0,40.0
PT Media Terapan,46,34.78260869565217,13.043478260869565,52.17391304347826
PT Esa Sejahtera,23,34.78260869565217,21.73913043478261,43.47826086956522
CV Inti Nusantara,23,34.78260869565217,21.73913043478261,43.47826086956522
CV Sukses Cerdas,23,34.78260869565217,17.391304347826086,47.82608695652174
CV Sentosa Perkasa,23,34.78260869565217,13.043478260869565,52.17391304347826
CV Karya Gemilang,49,34.69387755102041,14.285714285714285,51.02040816326531
PT Gemilang Logistik,26,34.61538461538461,15.384615384615385,50.0
PT Techno Solusi,29,34.48275862068966,13.793103448275861,51.724137931034484
PT Jaya Perkasa,29,34.48275862068966,17.24137931034483,48.275862068965516
CV Jaya Mandiri,29,34.48275862068966,3.4482758620689653,62.06896551724138
CV Digital Pratama,29,34.48275862068966,10.344827586206897,55.172413793103445
CV Global Digital,32,34.375,12.5,53.125
PT Mega Data,38,34.21052631578947,10.526315789473683,55.26315789473685
CV Solusi Teknologi,38,34.21052631578947,13.157894736842104,52.63157894736842
PT Techno Perkasa,41,34.146341463414636,9.75609756097561,56.09756097560976
PT Makmur Gemilang,50,34.0,8.0,57.99999999999999
CV Bangkit Media,56,33.92857142857143,7.142857142857142,58.92857142857143
CV Cipta Gemilang,9,33.33333333333333,33.33333333333333,33.33333333333333
PT Makmur Solusi,15,33.33333333333333,33.33333333333333,33.33333333333333
CV Digital Inovasi,18,33.33333333333333,5.555555555555555,61.111111111111114
PT Digital Nusantara,21,33.33333333333333,14.285714285714285,52.38095238095239
PT Cipta Mandiri,6,33.33333333333333,16.666666666666664,50.0
CV Cipta Indonesia,9,33.33333333333333,22.22222222222222,44.44444444444444
PT Gemilang Bangsa,33,33.33333333333333,6.0606060606060606,60.60606060606061
PT Nusa Solusi,6,33.33333333333333,33.33333333333333,33.33333333333333
PT Media Solusi,12,33.33333333333333,16.666666666666664,50.0
PT Solusi Cerdas,6,33.33333333333333,0.0,66.66666666666666
PT Gemilang Utama,27,33.33333333333333,25.925925925925924,40.74074074074074
PT Bangkit Nusantara,18,33.33333333333333,5.555555555555555,61.111111111111114
CV Global Data,15,33.33333333333333,26.666666666666668,40.0
PT Nusa Terapan,48,33.33333333333333,12.5,54.166666666666664
PT Cipta Teknologi,33,33.33333333333333,15.151515151515152,51.515151515151516
PT Nusa Teknologi,6,33.33333333333333,16.666666666666664,50.0
CV Gemilang Terapan,12,33.33333333333333,16.666666666666664,50.0
PT Cipta Terapan,9,33.33333333333333,22.22222222222222,44.44444444444444
PT Cakra Logistik,18,33.33333333333333,11.11111111111111,55.55555555555556
PT Jaya Data,15,33.33333333333333,13.333333333333334,53.333333333333336
CV Sukses Teknologi,12,33.33333333333333,16.666666666666664,50.0
PT Jaya Pratama,24,33.33333333333333,8.333333333333332,58.333333333333336
PT Karya Bangsa,6,33.33333333333333,0.0,66.66666666666666
CV Kreasi Bersama,15,33.33333333333333,0.0,66.66666666666666
CV Kreasi Analitika,9,33.33333333333333,11.11111111111111,55.55555555555556
CV Kreasi Data,6,33.33333333333333,16.666666666666664,50.0
PT Bina Perkasa,12,33.33333333333333,33.33333333333333,33.33333333333333
PT Bangkit Inovasi,27,33.33333333333333,14.814814814814813,51.85185185185185
PT Bangkit Indonesia,30,33.33333333333333,23.333333333333332,43.333333333333336
PT Bakti Media,6,33.33333333333333,16.666666666666664,50.0
PT Sinergi Logistik,9,33.33333333333333,0.0,66.66666666666666
PT Global Perkasa,6,33.33333333333333,50.0,16.666666666666664
PT Graha Abadi,18,33.33333333333333,22.22222222222222,44.44444444444444
PT Jaya Kreatif,21,33.33333333333333,9.523809523809524,57.14285714285714
CV Indo Teknologi,15,33.33333333333333,13.333333333333334,53.333333333333336
PT Abadi Kreatif,15,33.33333333333333,13.333333333333334,53.333333333333336
PT Global Systems,27,33.33333333333333,18.51851851851852,48.148148148148145
PT Andalas Abadi,6,33.33333333333333,16.666666666666664,50.0
CV Techno Cerdas,6,33.33333333333333,33.33333333333333,33.33333333333333
CV Techno Karya,12,33.33333333333333,8.333333333333332,58.333333333333336
PT Mega Gemilang,24,33.33333333333333,16.666666666666664,50.0
PT Jaya Inovasi,6,33.33333333333333,33.33333333333333,33.33333333333333
PT Mega Cerdas,6,33.33333333333333,16.666666666666664,50.0
PT Karya Utama,27,33.33333333333333,11.11111111111111,55.55555555555556
CV Global Mandiri,12,33.33333333333333,25.0,41.66666666666667
CV Indo Inovasi,54,33.33333333333333,14.814814814814813,51.85185185185185
PT Karya Indonesia,15,33.33333333333333,13.333333333333334,53.333333333333336
CV Cipta Kreatif,12,33.33333333333333,8.333333333333332,58.333333333333336
CV Gemilang Mandiri,15,33.33333333333333,13.333333333333334,53.333333333333336
CV Gemilang Pratama,18,33.33333333333333,16.666666666666664,50.0
PT Cipta Analitika,12,33.33333333333333,16.666666666666664,50.0
CV Perkasa Digital,48,33.33333333333333,20.833333333333336,45.83333333333333
PT Esa Nusantara,6,33.33333333333333,0.0,66.66666666666666
CV Cakra Nusantara,27,33.33333333333333,18.51851851851852,48.148148148148145
CV Cakra Media,9,33.33333333333333,11.11111111111111,55.55555555555556
PT Cipta Sentosa,24,33.33333333333333,12.5,54.166666666666664
PT Sentosa Bangsa,9,33.33333333333333,22.22222222222222,44.44444444444444
CV Sentosa Utama,6,33.33333333333333,16.666666666666664,50.0
PT Sentosa Abadi,6,33.33333333333333,0.0,66.66666666666666
CV Prima Data,6,33.33333333333333,16.666666666666664,50.0
CV Nusa Pratama,6,33.33333333333333,33.33333333333333,33.33333333333333
PT Indo Terapan,9,33.33333333333333,33.33333333333333,33.33333333333333
PT Mandiri Solusi,9,33.33333333333333,11.11111111111111,55.55555555555556
CV Bakti Abadi,30,33.33333333333333,10.0,56.666666666666664
CV Bangkit Perkasa,6,33.33333333333333,0.0,66.66666666666666
PT Prima Inovasi,18,33.33333333333333,27.77777777777778,38.88888888888889
PT Andalas Pratama,24,33.33333333333333,8.333333333333332,58.333333333333336
CV Mega Solusi,21,33.33333333333333,9.523809523809524,57.14285714285714
CV Mitra Karya,33,33.33333333333333,18.181818181818183,48.484848484848484
CV Mitra Perkasa,30,33.33333333333333,10.0,56.666666666666664
CV Mega Bersama,6,33.33333333333333,16.666666666666664,50.0
PT Indo Bersama,6,33.33333333333333,16.666666666666664,50.0
CV Solusi Pratama,9,33.33333333333333,33.33333333333333,33.33333333333333
PT Indo Pratama,15,33.33333333333333,13.333333333333334,53.333333333333336
PT Abadi Gemilang,12,33.33333333333333,16.666666666666664,50.0
PT Inti Pratama,27,33.33333333333333,7.4074074074074066,59.25925925925925
CV Mega Media,12,33.33333333333333,25.0,41.66666666666667
CV Perkasa Pratama,6,33.33333333333333,0.0,66.66666666666666
CV Sinergi Sejahtera,6,33.33333333333333,0.0,66.66666666666666
PT Graha Media,36,33.33333333333333,8.333333333333332,58.333333333333336
PT Graha Solusi,9,33.33333333333333,0.0,66.66666666666666
CV Media Bersama,6,33.33333333333333,33.33333333333333,33.33333333333333
PT Jaya Informatika,6,33.33333333333333,33.33333333333333,33.33333333333333
CV Sinergi Cerdas,6,33.33333333333333,16.666666666666664,50.0
PT Sejahtera Gemilang,52,32.69230769230769,19.230769230769234,48.07692307692308
PT Sentosa Gemilang,52,32.69230769230769,17.307692307692307,50.0
PT Techno Systems,46,32.608695652173914,17.391304347826086,50.0
PT Global Abadi,46,32.608695652173914,17.391304347826086,50.0
CV Indo Makmur,40,32.5,5.0,62.5
PT Esa Perkasa,40,32.5,17.5,50.0
PT Techno Bersama,37,32.432432432432435,8.108108108108109,59.45945945945946
CV Media Abadi,37,32.432432432432435,18.91891891891892,48.64864864864865
PT Bangkit Utama,34,32.35294117647059,14.705882352941178,52.94117647058824
CV Inovasi Informatika,31,32.25806451612903,25.806451612903224,41.935483870967744
PT Perkasa Gemilang,28,32.142857142857146,25.0,42.857142857142854
CV Mandiri Informatika,50,32.0,20.0,48.0
PT Solusi Karya,25,32.0,12.0,56.00000000000001
PT Global Logistik,25,32.0,12.0,56.00000000000001
PT Abadi Nusantara,25,32.0,12.0,56.00000000000001
CV Andalas Kreatif,44,31.818181818181817,13.636363636363635,54.54545454545454
PT Media Digital,22,31.818181818181817,9.090909090909092,59.09090909090909
CV Sinergi Utama,22,31.818181818181817,22.727272727272727,45.45454545454545
CV Sentosa Solusi,22,31.818181818181817,18.181818181818183,50.0
CV Inti Digital,22,31.818181818181817,13.636363636363635,54.54545454545454
PT Sentosa Karya,22,31.818181818181817,18.181818181818183,50.0
CV Andalas Karya,22,31.818181818181817,13.636363636363635,54.54545454545454
PT Inovasi Utama,22,31.818181818181817,22.727272727272727,45.45454545454545
PT Sinergi Terapan,19,31.57894736842105,31.57894736842105,36.84210526315789
CV Indo Terapan,19,31.57894736842105,5.263157894736842,63.1578947368421
PT Cipta Digital,19,31.57894736842105,15.789473684210526,52.63157894736842
CV Indo Abadi,19,31.57894736842105,21.052631578947366,47.368421052631575
CV Media Data,19,31.57894736842105,10.526315789473683,57.89473684210527
CV Sejahtera Inovasi,19,31.57894736842105,15.789473684210526,52.63157894736842
CV Prima Karya,38,31.57894736842105,23.684210526315788,44.73684210526316
CV Bumi Indonesia,38,31.57894736842105,15.789473684210526,52.63157894736842
CV Bakti Perkasa,48,31.25,10.416666666666668,58.333333333333336
PT Techno Cerdas,32,31.25,12.5,56.25
PT Karya Mandiri,16,31.25,18.75,50.0
PT Global Bangsa,16,31.25,25.0,43.75
PT Abadi Bangsa,16,31.25,18.75,50.0
CV Cipta Data,32,31.25,18.75,50.0
PT Mandiri Media,48,31.25,31.25,37.5
PT Cakra Sentosa,16,31.25,18.75,50.0
CV Techno Informatika,29,31.03448275862069,10.344827586206897,58.620689655172406
PT Perkasa Global,42,30.952380952380953,21.428571428571427,47.61904761904761
PT Bina Konsultan,13,30.76923076923077,0.0,69.23076923076923
PT Mitra Nusantara,13,30.76923076923077,15.384615384615385,53.84615384615385
CV Daya Analitika,26,30.76923076923077,15.384615384615385,53.84615384615385
CV Prima Solusi,26,30.76923076923077,7.6923076923076925,61.53846153846154
CV Prima Utama,13,30.76923076923077,15.384615384615385,53.84615384615385
PT Bakti Bersama,13,30.76923076923077,7.6923076923076925,61.53846153846154
CV Solusi Sentosa,13,30.76923076923077,15.384615384615385,53.84615384615385
PT Techno Konsultan,26,30.76923076923077,34.61538461538461,34.61538461538461
PT Sukses Sejahtera,26,30.76923076923077,23.076923076923077,46.15384615384615
CV Esa Karya,13,30.76923076923077,15.384615384615385,53.84615384615385
PT Makmur Teknologi,13,30.76923076923077,30.76923076923077,38.46153846153847
PT Sukses Abadi,13,30.76923076923077,7.6923076923076925,61.53846153846154
PT Cakra Nusantara,26,30.76923076923077,15.384615384615385,53.84615384615385
PT Solusi Teknologi,13,30.76923076923077,7.6923076923076925,61.53846153846154
PT Nusa Systems,36,30.555555555555557,5.555555555555555,63.888888888888886
CV Sukses Makmur,23,30.434782608695656,13.043478260869565,56.52173913043478
PT Inovasi Mandiri,23,30.434782608695656,21.73913043478261,47.82608695652174
CV Digital Konsultan,23,30.434782608695656,17.391304347826086,52.17391304347826
CV Bangkit Kreatif,23,30.434782608695656,17.391304347826086,52.17391304347826
CV Graha Data,46,30.434782608695656,19.565217391304348,50.0
PT Graha Cerdas,23,30.434782608695656,17.391304347826086,52.17391304347826
CV Sinergi Konsultan,33,30.303030303030305,21.21212121212121,48.484848484848484
PT Cakra Pratama,33,30.303030303030305,12.121212121212121,57.57575757575758
PT Sentosa Teknologi,33,30.303030303030305,15.151515151515152,54.54545454545454
CV Graha Karya,33,30.303030303030305,3.0303030303030303,66.66666666666666
PT Bumi Makmur,10,30.0,30.0,40.0
CV Cakra Informatika,30,30.0,20.0,50.0
PT Techno Abadi,10,30.0,10.0,60.0
CV Abadi Indonesia,10,30.0,20.0,50.0
CV Andalas Teknologi,20,30.0,15.0,55.00000000000001
PT Kreasi Analitika,10,30.0,10.0,60.0
PT Cakra Bersama,20,30.0,10.0,60.0
CV Digital Terapan,20,30.0,5.0,65.0
PT Solusi Inovasi,10,30.0,20.0,50.0
PT Solusi Makmur,10,30.0,0.0,70.0
PT Prima Bangsa,40,30.0,7.5,62.5
PT Perkasa Systems,10,30.0,10.0,60.0
PT Global Informatika,10,30.0,10.0,60.0
PT Cipta Data,10,30.0,10.0,60.0
PT Digital Global,10,30.0,0.0,70.0
PT Nusa Nusantara,40,30.0,2.5,67.5
PT Techno Indonesia,10,30.0,0.0,70.0
PT Inti Logistik,10,30.0,10.0,60.0
CV Sinergi Gemilang,10,30.0,20.0,50.0
PT Mitra Konsultan,20,30.0,10.0,60.0
CV Media Global,50,30.0,18.0,52.0
PT Solusi Bersama,20,30.0,15.0,55.00000000000001
CV Jaya Analitika,10,30.0,20.0,50.0
PT Andalas Terapan,10,30.0,0.0,70.0
PT Bakti Sentosa,10,30.0,0.0,70.0
PT Sinergi Perkasa,10,30.0,20.0,50.0
CV Mitra Sejahtera,20,30.0,15.0,55.00000000000001
PT Mitra Inovasi,30,30.0,13.333333333333334,56.666666666666664
PT Inovasi Abadi,10,30.0,10.0,60.0
CV Perkasa Gemilang,10,30.0,30.0,40.0
CV Cipta Systems,10,30.0,10.0,60.0
CV Cakra Systems,10,30.0,20.0,50.0
PT Esa Data,10,30.0,20.0,50.0
CV Abadi Gemilang,20,30.0,35.0,35.0
PT Makmur Cerdas,27,29.629629629629626,11.11111111111111,59.25925925925925
PT Mega Solusi,17,29.411764705882355,11.76470588235294,58.82352941176471
PT Bakti Nusantara,34,29.411764705882355,23.52941176470588,47.05882352941176
PT Indo Sejahtera,51,29.411764705882355,17.647058823529413,52.94117647058824
PT Global Kreatif,17,29.411764705882355,5.88235294117647,64.70588235294117
CV Bumi Solusi,41,29.268292682926827,19.51219512195122,51.21951219512195
PT Digital Mandiri,48,29.166666666666668,18.75,52.083333333333336
PT Inti Utama,38,28.947368421052634,13.157894736842104,57.89473684210527
PT Daya Informatika,38,28.947368421052634,15.789473684210526,55.26315789473685
PT Perkasa Sentosa,45,28.888888888888886,22.22222222222222,48.888888888888886
CV Cakra Perkasa,52,28.846153846153843,13.461538461538462,57.692307692307686
PT Indo Sentosa,21,28.57142857142857,28.57142857142857,42.857142857142854
CV Bangkit Karya,7,28.57142857142857,14.285714285714285,57.14285714285714
CV Andalas Gemilang,14,28.57142857142857,21.428571428571427,50.0
CV Bakti Informatika,7,28.57142857142857,14.285714285714285,57.14285714285714
PT Digital Bersama,21,28.57142857142857,14.285714285714285,57.14285714285714
PT Bakti Global,14,28.57142857142857,14.285714285714285,57.14285714285714
CV Kreasi Media,7,28.57142857142857,0.0,71.42857142857143
PT Mega Sejahtera,14,28.57142857142857,28.57142857142857,42.857142857142854
CV Mandiri Teknologi,7,28.57142857142857,28.57142857142857,42.857142857142854
PT Sejahtera Bersama,7,28.57142857142857,14.285714285714285,57.14285714285714
CV Cakra Solusi,28,28.57142857142857,17.857142857142858,53.57142857142857
CV Andalas Solusi,14,28.57142857142857,21.428571428571427,50.0
CV Esa Mandiri,21,28.57142857142857,23.809523809523807,47.61904761904761
CV Cipta Perkasa,21,28.57142857142857,4.761904761904762,66.66666666666666
PT Gemilang Sejahtera,21,28.57142857142857,14.285714285714285,57.14285714285714
PT Gemilang Abadi,28,28.57142857142857,7.142857142857142,64.28571428571429
CV Sukses Pratama,7,28.57142857142857,0.0,71.42857142857143
PT Bakti Bangsa,14,28.57142857142857,7.142857142857142,64.28571428571429
PT Mitra Perkasa,7,28.57142857142857,28.57142857142857,42.857142857142854
PT Sinergi Teknologi,7,28.57142857142857,0.0,71.42857142857143
CV Graha Inovasi,21,28.57142857142857,9.523809523809524,61.904761904761905
PT Sinergi Informatika,7,28.57142857142857,14.285714285714285,57.14285714285714
PT Sinergi Utama,35,28.57142857142857,2.857142857142857,68.57142857142857
PT Prima Indonesia,14,28.57142857142857,21.428571428571427,50.0
PT Bakti Indonesia,7,28.57142857142857,42.857142857142854,28.57142857142857
PT Bakti Teknologi,7,28.57142857142857,14.285714285714285,57.14285714285714
CV Sinergi Media,21,28.57142857142857,9.523809523809524,61.904761904761905
CV Prima Informatika,7,28.57142857142857,0.0,71.42857142857143
CV Mega Bangsa,14,28.57142857142857,21.428571428571427,50.0
PT Global Nusantara,28,28.57142857142857,7.142857142857142,64.28571428571429
PT Inti Analitika,32,28.125,21.875,50.0
PT Prima Nusantara,25,28.000000000000004,24.0,48.0
CV Digital Solusi,25,28.000000000000004,20.0,52.0
CV Bina Sentosa,25,28.000000000000004,20.0,52.0
PT Mandiri Cerdas,18,27.77777777777778,0.0,72.22222222222221
CV Inti Terapan,18,27.77777777777778,27.77777777777778,44.44444444444444
PT Media Analitika,18,27.77777777777778,22.22222222222222,50.0
PT Daya Data,18,27.77777777777778,16.666666666666664,55.55555555555556
CV Abadi Data,18,27.77777777777778,16.666666666666664,55.55555555555556
PT Media Konsultan,18,27.77777777777778,16.666666666666664,55.55555555555556
CV Karya Mandiri,18,27.77777777777778,16.666666666666664,55.55555555555556
CV Esa Informatika,18,27.77777777777778,22.22222222222222,50.0
PT Bumi Analitika,29,27.586206896551722,17.24137931034483,55.172413793103445
CV Abadi Karya,29,27.586206896551722,27.586206896551722,44.827586206896555
PT Sukses Sentosa,11,27.27272727272727,36.36363636363637,36.36363636363637
CV Bina Cerdas,33,27.27272727272727,15.151515151515152,57.57575757575758
PT Mandiri Sejahtera,11,27.27272727272727,18.181818181818183,54.54545454545454
PT Mega Teknologi,11,27.27272727272727,18.181818181818183,54.54545454545454
PT Sejahtera Bangsa,11,27.27272727272727,18.181818181818183,54.54545454545454
CV Nusa Mandiri,22,27.27272727272727,18.181818181818183,54.54545454545454
CV Mandiri Konsultan,11,27.27272727272727,9.090909090909092,63.63636363636363
PT Sinergi Karya,11,27.27272727272727,9.090909090909092,63.63636363636363
PT Sentosa Terapan,11,27.27272727272727,27.27272727272727,45.45454545454545
PT Bina Mandiri,11,27.27272727272727,9.090909090909092,63.63636363636363
PT Andalas Gemilang,11,27.27272727272727,9.090909090909092,63.63636363636363
PT Graha Nusantara,11,27.27272727272727,0.0,72.72727272727273
CV Sentosa Gemilang,11,27.27272727272727,0.0,72.72727272727273
PT Bangkit Sentosa,11,27.27272727272727,9.090909090909092,63.63636363636363
PT Global Makmur,11,27.27272727272727,27.27272727272727,45.45454545454545
PT Solusi Mandiri,22,27.27272727272727,22.727272727272727,50.0
PT Solusi Pratama,11,27.27272727272727,18.181818181818183,54.54545454545454
CV Esa Digital,11,27.27272727272727,36.36363636363637,36.36363636363637
PT Perkasa Indonesia,22,27.27272727272727,22.727272727272727,50.0
PT Perkasa Analitika,11,27.27272727272727,36.36363636363637,36.36363636363637
PT Media Perkasa,11,27.27272727272727,0.0,72.72727272727273
PT Makmur Media,11,27.27272727272727,9.090909090909092,63.63636363636363
PT Gemilang Analitika,11,27.27272727272727,27.27272727272727,45.45454545454545
PT Cakra Makmur,22,27.27272727272727,13.636363636363635,59.09090909090909
CV Bina Perkasa,11,27.27272727272727,18.181818181818183,54.54545454545454
PT Karya Makmur,37,27.027027027027028,16.216216216216218,56.75675675675676
PT Perkasa Cerdas,26,26.923076923076923,26.923076923076923,46.15384615384615
CV Perkasa Abadi,26,26.923076923076923,11.538461538461538,61.53846153846154
PT Inovasi Cerdas,26,26.923076923076923,7.6923076923076925,65.38461538461539
CV Indo Bersama,15,26.666666666666668,20.0,53.333333333333336
PT Graha Sentosa,15,26.666666666666668,20.0,53.333333333333336
PT Sejahtera Utama,15,26.666666666666668,20.0,53.333333333333336
CV Solusi Nusantara,15,26.666666666666668,33.33333333333333,40.0
CV Mitra Utama,30,26.666666666666668,20.0,53.333333333333336
CV Cipta Informatika,15,26.666666666666668,20.0,53.333333333333336
CV Indo Gemilang,15,26.666666666666668,6.666666666666667,66.66666666666666
PT Sinergi Gemilang,45,26.666666666666668,11.11111111111111,62.22222222222222
PT Global Terapan,15,26.666666666666668,13.333333333333334,60.0
PT Kreasi Bangsa,34,26.47058823529412,2.941176470588235,70.58823529411765
CV Inovasi Digital,34,26.47058823529412,5.88235294117647,67.64705882352942
PT Global Media,19,26.31578947368421,0.0,73.68421052631578
CV Andalas Pratama,19,26.31578947368421,31.57894736842105,42.10526315789473
CV Andalas Logistik,19,26.31578947368421,21.052631578947366,52.63157894736842
PT Bumi Data,19,26.31578947368421,26.31578947368421,47.368421052631575
PT Andalas Konsultan,19,26.31578947368421,26.31578947368421,47.368421052631575
CV Mega Konsultan,23,26.08695652173913,17.391304347826086,56.52173913043478
CV Mitra Terapan,23,26.08695652173913,17.391304347826086,56.52173913043478
PT Cakra Karya,23,26.08695652173913,21.73913043478261,52.17391304347826
PT Makmur Digital,23,26.08695652173913,13.043478260869565,60.86956521739131
CV Cakra Terapan,27,25.925925925925924,7.4074074074074066,66.66666666666666
CV Mandiri Nusantara,31,25.806451612903224,16.129032258064516,58.06451612903226
PT Mitra Gemilang,31,25.806451612903224,12.903225806451612,61.29032258064516
PT Techno Inovasi,31,25.806451612903224,12.903225806451612,61.29032258064516
CV Cakra Pratama,35,25.71428571428571,20.0,54.285714285714285
CV Makmur Bangsa,39,25.64102564102564,17.94871794871795,56.41025641025641
PT Sukses Informatika,8,25.0,25.0,50.0
CV Graha Kreatif,12,25.0,16.666666666666664,58.333333333333336
PT Kreasi Terapan,8,25.0,0.0,75.0
CV Graha Indonesia,28,25.0,32.142857142857146,42.857142857142854
PT Solusi Data,8,25.0,37.5,37.5
CV Abadi Informatika,8,25.0,25.0,50.0
PT Mandiri Makmur,8,25.0,12.5,62.5
PT Mandiri Terapan,12,25.0,16.666666666666664,58.333333333333336
PT Daya Bangsa,12,25.0,16.666666666666664,58.333333333333336
PT Cipta Utama,8,25.0,12.5,62.5
PT Cakra Systems,8,25.0,12.5,62.5
CV Inovasi Cerdas,16,25.0,25.0,50.0
CV Inti Solusi,8,25.0,25.0,50.0
PT Sinergi Data,12,25.0,8.333333333333332,66.66666666666666
PT Jaya Cerdas,8,25.0,25.0,50.0
PT Karya Abadi,12,25.0,25.0,50.0
PT Sinergi Solusi,8,25.0,25.0,50.0
CV Graha Solusi,8,25.0,25.0,50.0
CV Inti Analitika,8,25.0,25.0,50.0
PT Mega Digital,8,25.0,12.5,62.5
CV Jaya Gemilang,20,25.0,15.0,60.0
CV Karya Media,36,25.0,8.333333333333332,66.66666666666666
PT Makmur Data,36,25.0,11.11111111111111,63.888888888888886
PT Media Logistik,8,25.0,0.0,75.0
PT Makmur Analitika,12,25.0,8.333333333333332,66.66666666666666
PT Mitra Makmur,8,25.0,37.5,37.5
PT Global Mandiri,20,25.0,0.0,75.0
PT Bumi Kreatif,8,25.0,25.0,50.0
PT Bumi Bersama,20,25.0,15.0,60.0
PT Bakti Abadi,8,25.0,0.0,75.0
CV Sukses Sentosa,8,25.0,0.0,75.0
PT Prima Terapan,28,25.0,25.0,50.0
CV Prima Sentosa,16,25.0,25.0,50.0
PT Sejahtera Sentosa,8,25.0,12.5,62.5
CV Mega Cerdas,12,25.0,8.333333333333332,66.66666666666666
CV Prima Kreatif,16,25.0,6.25,68.75
PT Indo Konsultan,20,25.0,5.0,70.0
PT Inovasi Makmur,12,25.0,25.0,50.0
PT Bakti Makmur,16,25.0,12.5,62.5
PT Bina Media,8,25.0,0.0,75.0
PT Bumi Terapan,24,25.0,8.333333333333332,66.66666666666666
PT Digital Utama,24,25.0,12.5,62.5
PT Perkasa Kreatif,8,25.0,0.0,75.0
CV Media Mandiri,33,24.242424242424242,9.090909090909092,66.66666666666666
PT Cakra Perkasa,33,24.242424242424242,9.090909090909092,66.66666666666666
PT Graha Logistik,29,24.137931034482758,20.689655172413794,55.172413793103445
PT Bumi Bangsa,50,24.0,26.0,50.0
PT Global Sentosa,21,23.809523809523807,19.047619047619047,57.14285714285714
PT Global Teknologi,21,23.809523809523807,23.809523809523807,52.38095238095239
PT Esa Abadi,21,23.809523809523807,23.809523809523807,52.38095238095239
PT Karya Logistik,21,23.809523809523807,28.57142857142857,47.61904761904761
PT Gemilang Terapan,21,23.809523809523807,23.809523809523807,52.38095238095239
CV Techno Systems,38,23.684210526315788,13.157894736842104,63.1578947368421
PT Solusi Analitika,38,23.684210526315788,21.052631578947366,55.26315789473685
PT Inovasi Digital,17,23.52941176470588,23.52941176470588,52.94117647058824
CV Mega Kreatif,17,23.52941176470588,23.52941176470588,52.94117647058824
PT Media Sejahtera,17,23.52941176470588,17.647058823529413,58.82352941176471
PT Bangkit Konsultan,17,23.52941176470588,0.0,76.47058823529412
CV Media Sentosa,13,23.076923076923077,7.6923076923076925,69.23076923076923
PT Makmur Bersama,13,23.076923076923077,0.0,76.92307692307693
PT Mitra Karya,13,23.076923076923077,15.384615384615385,61.53846153846154
CV Media Karya,13,23.076923076923077,0.0,76.92307692307693
CV Techno Logistik,13,23.076923076923077,7.6923076923076925,69.23076923076923
CV Perkasa Informatika,13,23.076923076923077,7.6923076923076925,69.23076923076923
CV Media Kreatif,13,23.076923076923077,15.384615384615385,61.53846153846154
PT Prima Informatika,13,23.076923076923077,23.076923076923077,53.84615384615385
PT Bangkit Mandiri,13,23.076923076923077,15.384615384615385,61.53846153846154
PT Prima Logistik,13,23.076923076923077,23.076923076923077,53.84615384615385
CV Abadi Kreatif,13,23.076923076923077,7.6923076923076925,69.23076923076923
PT Mandiri Indonesia,13,23.076923076923077,30.76923076923077,46.15384615384615
PT Sentosa Perkasa,35,22.857142857142858,14.285714285714285,62.857142857142854
CV Media Utama,44,22.727272727272727,29.545454545454547,47.72727272727273
PT Sinergi Nusantara,22,22.727272727272727,4.545454545454546,72.72727272727273
PT Mitra Systems,22,22.727272727272727,18.181818181818183,59.09090909090909
PT Mandiri Sentosa,22,22.727272727272727,18.181818181818183,59.09090909090909
PT Sukses Kreatif,31,22.58064516129032,19.35483870967742,58.06451612903226
PT Prima Media,9,22.22222222222222,11.11111111111111,66.66666666666666
CV Solusi Global,9,22.22222222222222,22.22222222222222,55.55555555555556
PT Sejahtera Data,9,22.22222222222222,0.0,77.77777777777779
PT Cipta Inovasi,9,22.22222222222222,22.22222222222222,55.55555555555556
CV Abadi Utama,9,22.22222222222222,11.11111111111111,66.66666666666666
CV Bangkit Global,9,22.22222222222222,22.22222222222222,55.55555555555556
CV Abadi Systems,18,22.22222222222222,16.666666666666664,61.111111111111114
CV Solusi Media,18,22.22222222222222,5.555555555555555,72.22222222222221
PT Gemilang Teknologi,9,22.22222222222222,22.22222222222222,55.55555555555556
PT Sinergi Cerdas,9,22.22222222222222,0.0,77.77777777777779
PT Indo Inovasi,9,22.22222222222222,33.33333333333333,44.44444444444444
PT Mega Informatika,9,22.22222222222222,22.22222222222222,55.55555555555556
PT Mega Kreatif,18,22.22222222222222,33.33333333333333,44.44444444444444
CV Inti Media,18,22.22222222222222,33.33333333333333,44.44444444444444
PT Sentosa Global,9,22.22222222222222,33.33333333333333,44.44444444444444
PT Esa Terapan,18,22.22222222222222,22.22222222222222,55.55555555555556
CV Inovasi Bangsa,9,22.22222222222222,11.11111111111111,66.66666666666666
PT Makmur Perkasa,9,22.22222222222222,22.22222222222222,55.55555555555556
PT Sinergi Global,9,22.22222222222222,11.11111111111111,66.66666666666666
CV Nusa Perkasa,23,21.73913043478261,17.391304347826086,60.86956521739131
CV Techno Inovasi,23,21.73913043478261,13.043478260869565,65.21739130434783
PT Jaya Bersama,14,21.428571428571427,7.142857142857142,71.42857142857143
CV Gemilang Utama,14,21.428571428571427,7.142857142857142,71.42857142857143
PT Indo Teknologi,28,21.428571428571427,14.285714285714285,64.28571428571429
PT Bangkit Logistik,14,21.428571428571427,35.714285714285715,42.857142857142854
PT Abadi Solusi,19,21.052631578947366,21.052631578947366,57.89473684210527
PT Sentosa Kreatif,38,21.052631578947366,15.789473684210526,63.1578947368421
CV Sejahtera Media,24,20.833333333333336,8.333333333333332,70.83333333333334
CV Media Digital,24,20.833333333333336,16.666666666666664,62.5
CV Indo Sejahtera,44,20.454545454545457,27.27272727272727,52.27272727272727
PT Prima Abadi,5,20.0,40.0,40.0
PT Bina Terapan,5,20.0,0.0,80.0
PT Bangkit Data,5,20.0,40.0,40.0
PT Daya Analitika,5,20.0,40.0,40.0
PT Cipta Nusantara,35,20.0,8.571428571428571,71.42857142857143
PT Media Gemilang,5,20.0,40.0,40.0
CV Bakti Indonesia,5,20.0,20.0,60.0
PT Media Bersama,5,20.0,20.0,60.0
PT Techno Global,10,20.0,0.0,80.0
PT Inti Terapan,15,20.0,13.333333333333334,66.66666666666666
PT Inti Teknologi,5,20.0,20.0,60.0
PT Sinergi Konsultan,15,20.0,33.33333333333333,46.666666666666664
PT Mitra Utama,5,20.0,0.0,80.0
CV Sinergi Global,10,20.0,0.0,80.0
CV Mega Teknologi,5,20.0,60.0,20.0
CV Nusa Data,5,20.0,20.0,60.0
CV Mega Gemilang,5,20.0,0.0,80.0
CV Gemilang Data,15,20.0,33.33333333333333,46.666666666666664
CV Daya Sejahtera,5,20.0,0.0,80.0
PT Indo Gemilang,5,20.0,0.0,80.0
CV Media Solusi,5,20.0,40.0,40.0
CV Esa Sentosa,10,20.0,40.0,40.0
PT Makmur Indonesia,5,20.0,60.0,20.0
CV Graha Bersama,5,20.0,20.0,60.0
CV Inovasi Karya,5,20.0,0.0,80.0
PT Esa Gemilang,10,20.0,0.0,80.0
PT Nusa Makmur,15,20.0,0.0,80.0
CV Solusi Analitika,10,20.0,20.0,60.0
CV Solusi Terapan,10,20.0,20.0,60.0
PT Prima Mandiri,10,20.0,10.0,70.0
PT Global Indonesia,25,20.0,36.0,44.0
CV Sentosa Systems,15,20.0,20.0,60.0
PT Sentosa Sejahtera,5,20.0,0.0,80.0
PT Bangkit Teknologi,5,20.0,0.0,80.0
PT Abadi Analitika,10,20.0,0.0,80.0
CV Bangkit Gemilang,10,20.0,30.0,50.0
PT Bumi Inovasi,10,20.0,0.0,80.0
CV Perkasa Systems,5,20.0,20.0,60.0
PT Karya Solusi,41,19.51219512195122,24.390243902439025,56.09756097560976
CV Daya Karya,21,19.047619047619047,23.809523809523807,57.14285714285714
PT Bina Pratama,32,18.75,15.625,65.625
CV Bina Bangsa,11,18.181818181818183,18.181818181818183,63.63636363636363
PT Sejahtera Pratama,11,18.181818181818183,0.0,81.81818181818183
PT Sejahtera Teknologi,33,18.181818181818183,27.27272727272727,54.54545454545454
PT Jaya Konsultan,11,18.181818181818183,27.27272727272727,54.54545454545454
PT Solusi Systems,11,18.181818181818183,0.0,81.81818181818183
PT Makmur Abadi,22,18.181818181818183,13.636363636363635,68.18181818181817
PT Digital Systems,11,18.181818181818183,18.181818181818183,63.63636363636363
PT Techno Bangsa,17,17.647058823529413,17.647058823529413,64.70588235294117
PT Abadi Sejahtera,17,17.647058823529413,17.647058823529413,64.70588235294117
PT Daya Abadi,23,17.391304347826086,8.695652173913043,73.91304347826086
CV Cipta Makmur,6,16.666666666666664,33.33333333333333,50.0
CV Global Pratama,6,16.666666666666664,16.666666666666664,66.66666666666666
PT Solusi Konsultan,18,16.666666666666664,27.77777777777778,55.55555555555556
CV Sukses Bersama,6,16.666666666666664,16.666666666666664,66.66666666666666
PT Makmur Terapan,6,16.666666666666664,16.666666666666664,66.66666666666666
PT Inti Bersama,12,16.666666666666664,8.333333333333332,75.0
PT Sukses Perkasa,6,16.666666666666664,33.33333333333333,50.0
CV Abadi Teknologi,6,16.666666666666664,16.666666666666664,66.66666666666666
CV Andalas Data,12,16.666666666666664,16.666666666666664,66.66666666666666
CV Bina Media,6,16.666666666666664,33.33333333333333,50.0
CV Bakti Global,6,16.666666666666664,16.666666666666664,66.66666666666666
CV Bina Digital,6,16.666666666666664,0.0,83.33333333333334
PT Digital Data,6,16.666666666666664,33.33333333333333,50.0
CV Sukses Bangsa,6,16.666666666666664,33.33333333333333,50.0
PT Nusa Bersama,6,16.666666666666664,0.0,83.33333333333334
PT Sentosa Logistik,6,16.666666666666664,16.666666666666664,66.66666666666666
PT Graha Terapan,6,16.666666666666664,33.33333333333333,50.0
PT Mitra Kreatif,6,16.666666666666664,33.33333333333333,50.0
PT Inovasi Bersama,6,16.666666666666664,16.666666666666664,66.66666666666666
CV Media Makmur,6,16.666666666666664,33.33333333333333,50.0
CV Makmur Systems,6,16.666666666666664,33.33333333333333,50.0
PT Perkasa Makmur,6,16.666666666666664,0.0,83.33333333333334
PT Andalas Teknologi,6,16.666666666666664,33.33333333333333,50.0
PT Graha Kreatif,6,16.666666666666664,16.666666666666664,66.66666666666666
CV Jaya Logistik,12,16.666666666666664,8.333333333333332,75.0
PT Mitra Media,13,15.384615384615385,7.6923076923076925,76.92307692307693
CV Kreasi Gemilang,13,15.384615384615385,15.384615384615385,69.23076923076923
PT Indo Bangsa,13,15.384615384615385,15.384615384615385,69.23076923076923
CV Kreasi Karya,13,15.384615384615385,7.6923076923076925,76.92307692307693
PT Inovasi Analitika,7,14.285714285714285,42.857142857142854,42.857142857142854
PT Perkasa Abadi,7,14.285714285714285,14.285714285714285,71.42857142857143
PT Daya Global,7,14.285714285714285,0.0,85.71428571428571
PT Perkasa Bersama,7,14.285714285714285,28.57142857142857,57.14285714285714
PT Perkasa Nusantara,7,14.285714285714285,14.285714285714285,71.42857142857143
CV Bumi Bangsa,7,14.285714285714285,14.285714285714285,71.42857142857143
PT Media Inovasi,7,14.285714285714285,42.857142857142854,42.857142857142854
PT Bumi Abadi,14,14.285714285714285,14.285714285714285,71.42857142857143
PT Mitra Solusi,7,14.285714285714285,28.57142857142857,57.14285714285714
CV Global Makmur,21,14.285714285714285,23.809523809523807,61.904761904761905
CV Esa Cerdas,7,14.285714285714285,28.57142857142857,57.14285714285714
CV Cipta Bersama,14,14.285714285714285,7.142857142857142,78.57142857142857
PT Media Sentosa,7,14.285714285714285,28.57142857142857,57.14285714285714
PT Kreasi Data,7,14.285714285714285,28.57142857142857,57.14285714285714
CV Mitra Solusi,15,13.333333333333334,26.666666666666668,60.0
CV Bumi Analitika,15,13.333333333333334,13.333333333333334,73.33333333333333
PT Bumi Indonesia,15,13.333333333333334,20.0,66.66666666666666
CV Digital Abadi,8,12.5,12.5,75.0
PT Inti Data,8,12.5,25.0,62.5
CV Karya Abadi,8,12.5,37.5,50.0
PT Jaya Karya,8,12.5,12.5,75.0
PT Mitra Digital,8,12.5,25.0,62.5
CV Bakti Pratama,8,12.5,25.0,62.5
PT Graha Indonesia,8,12.5,25.0,62.5
PT Abadi Terapan,8,12.5,37.5,50.0
CV Makmur Pratama,8,12.5,0.0,87.5
PT Makmur Global,25,12.0,8.0,80.0
PT Graha Analitika,17,11.76470588235294,23.52941176470588,64.70588235294117
CV Sinergi Abadi,9,11.11111111111111,22.22222222222222,66.66666666666666
CV Media Nusantara,9,11.11111111111111,0.0,88.88888888888889
PT Abadi Data,9,11.11111111111111,11.11111111111111,77.77777777777779
PT Esa Analitika,9,11.11111111111111,22.22222222222222,66.66666666666666
PT Mega Terapan,9,11.11111111111111,22.22222222222222,66.66666666666666
PT Inti Indonesia,9,11.11111111111111,22.22222222222222,66.66666666666666
CV Gemilang Inovasi,20,10.0,10.0,80.0
PT Bangkit Makmur,10,10.0,30.0,60.0
PT Sejahtera Analitika,10,10.0,20.0,70.0
PT Mitra Bangsa,10,10.0,30.0,60.0
CV Makmur Mandiri,23,8.695652173913043,26.08695652173913,65.21739130434783
PT Kreasi Nusantara,17,5.88235294117647,11.76470588235294,82.35294117647058
CV Mitra Bersama,18,5.555555555555555,22.22222222222222,72.22222222222221
PT Bumi Konsultan,7,0.0,42.857142857142854,57.14285714285714
PT Cakra Solusi,5,0.0,20.0,80.0
PT Cakra Data,5,0.0,40.0,60.0
CV Bumi Sejahtera,7,0.0,0.0,100.0
PT Mandiri Kreatif,7,0.0,28.57142857142857,71.42857142857143
PT Gemilang Solusi,8,0.0,37.5,62.5
PT Nusa Indonesia,7,0.0,14.285714285714285,85.71428571428571
CV Sukses Mandiri,8,0.0,37.5,62.5
PT Mitra Logistik,8,0.0,25.0,75.0
PT Jaya Indonesia,10,0.0,20.0,80.0
CV Karya Indonesia,5,0.0,0.0,100.0
CV Inti Inovasi,5,0.0,0.0,100.0
CV Global Sejahtera,8,0.0,12.5,87.5
PT Kreasi Kreatif,10,0.0,10.0,90.0
PT Solusi Terapan,10,0.0,30.0,70.0
PT Sukses Cerdas,5,0.0,20.0,80.0
